
/TuesdayGroupAutomation.iml
/.idea/
/Spectrum/Spectrum.iml
/RestPractice/RestPractice.iml
/LetsCodeitPractice/LetsCodeitPractice.iml
/Generic/Generic.iml
/Amazon/Amazon.iml
/WellsFergo/WellsFergo.iml
/MellanBank/MellonBank.iml
/BankOfAmerica/BankOfAmerica.iml
